Туфли,2 000  ₽,"Одежда, обувь, аксессуары        | 
     Компания
    ",https://www.avito.ru/mahachkala/odezhda_obuv_aksessuary/tufli_611403136
Туфли,4 000  ₽,"Одежда, обувь, аксессуары        | 
     Компания
    ",https://www.avito.ru/mahachkala/odezhda_obuv_aksessuary/tufli_1560324658
Туфли,6 000  ₽,"Одежда, обувь, аксессуары        | 
     Компания
    ",https://www.avito.ru/mahachkala/odezhda_obuv_aksessuary/tufli_1413322668
Туфли,1 500  ₽,"Одежда, обувь, аксессуары        | 
     Компания
    ",https://www.avito.ru/mahachkala/odezhda_obuv_aksessuary/tufli_907717662
Туфли,2 000  ₽,"Одежда, обувь, аксессуары        | 
     Компания
    ",https://www.avito.ru/mahachkala/odezhda_obuv_aksessuary/tufli_1662954845
Туфли,1 000  ₽,"Одежда, обувь, аксессуары        | 
     Компания
    ",https://www.avito.ru/mahachkala/odezhda_obuv_aksessuary/tufli_1577484979
Туфли,2 000  ₽,"Одежда, обувь, аксессуары        | 
     Компания
    ",https://www.avito.ru/mahachkala/odezhda_obuv_aksessuary/tufli_1468272820
Туфли,1 000  ₽,"Одежда, обувь, аксессуары        | 
     Компания
    ",https://www.avito.ru/mahachkala/odezhda_obuv_aksessuary/tufli_1008070566
Туфли,700  ₽,"Одежда, обувь, аксессуары        | 
     Компания
    ",https://www.avito.ru/mahachkala/odezhda_obuv_aksessuary/tufli_1472263483
Туфли,700  ₽,"Одежда, обувь, аксессуары        | 
     Компания
    ",https://www.avito.ru/mahachkala/odezhda_obuv_aksessuary/tufli_1543541913
Туфли,2 500  ₽,"Одежда, обувь, аксессуары        | 
     Компания
    ",https://www.avito.ru/mahachkala/odezhda_obuv_aksessuary/tufli_1189552997
Туфли,700  ₽,"Одежда, обувь, аксессуары        | 
     Компания
    ",https://www.avito.ru/mahachkala/odezhda_obuv_aksessuary/tufli_1429300820
Туфли,1 000  ₽,"Одежда, обувь, аксессуары        | 
     Компания
    ",https://www.avito.ru/mahachkala/odezhda_obuv_aksessuary/tufli_1564046228
Туфли,500  ₽,"Одежда, обувь, аксессуары        | 
     Компания
    ",https://www.avito.ru/mahachkala/odezhda_obuv_aksessuary/tufli_962645441
Туфли,15 000  ₽,"Одежда, обувь, аксессуары        | 
     Компания
    ",https://www.avito.ru/mahachkala/odezhda_obuv_aksessuary/tufli_1713873241
Туфли,2 500  ₽,"Одежда, обувь, аксессуары        | 
     Компания
    ",https://www.avito.ru/mahachkala/detskaya_odezhda_i_obuv/tufli_1440934948
Туфли,19 500  ₽,"Одежда, обувь, аксессуары        | 
     Компания
    ",https://www.avito.ru/mahachkala/odezhda_obuv_aksessuary/tufli_1295917721
Туфли,1 300  ₽,"Одежда, обувь, аксессуары        | 
     Компания
    ",https://www.avito.ru/mahachkala/detskaya_odezhda_i_obuv/tufli_1558697097
Туфли,4 000  ₽,"Одежда, обувь, аксессуары        | 
     Компания
    ",https://www.avito.ru/mahachkala/odezhda_obuv_aksessuary/tufli_1648390473
Туфли,2 000  ₽,"Одежда, обувь, аксессуары        | 
     Компания
    ",https://www.avito.ru/mahachkala/odezhda_obuv_aksessuary/tufli_1365396283
Туфли,3 000  ₽,"Одежда, обувь, аксессуары        | 
     Компания
    ",https://www.avito.ru/mahachkala/odezhda_obuv_aksessuary/tufli_1722453923
Туфли,800  ₽,"Одежда, обувь, аксессуары        | 
     Компания
    ",https://www.avito.ru/mahachkala/detskaya_odezhda_i_obuv/tufli_1234372456
Туфли,700  ₽,"Одежда, обувь, аксессуары        | 
     Компания
    ",https://www.avito.ru/mahachkala/odezhda_obuv_aksessuary/tufli_1482090182
Туфли,3 000  ₽,"Одежда, обувь, аксессуары        | 
     Компания
    ",https://www.avito.ru/mahachkala/odezhda_obuv_aksessuary/tufli_1224075843
Туфли,3 500  ₽,"Одежда, обувь, аксессуары        | 
     Компания
    ",https://www.avito.ru/mahachkala/odezhda_obuv_aksessuary/tufli_1261359711
Туфли,800  ₽,"Одежда, обувь, аксессуары        | 
     Компания
    ",https://www.avito.ru/mahachkala/odezhda_obuv_aksessuary/tufli_1599014779
Туфли,2 500  ₽,"Одежда, обувь, аксессуары        | 
     Компания
    ",https://www.avito.ru/mahachkala/odezhda_obuv_aksessuary/tufli_1229964299
Туфли/босоножки,Цена не указана,"Одежда, обувь, аксессуары        | 
     Компания
    ",https://www.avito.ru/mahachkala/detskaya_odezhda_i_obuv/tuflibosonozhki_1667839034
Туфли,6 500  ₽,"Одежда, обувь, аксессуары        | 
     Компания
    ",https://www.avito.ru/mahachkala/odezhda_obuv_aksessuary/tufli_1145228247
Туфли,3 000  ₽,"Одежда, обувь, аксессуары        | 
     Компания
    ",https://www.avito.ru/mahachkala/odezhda_obuv_aksessuary/tufli_1533911184
Туфли,1 000  ₽,"Одежда, обувь, аксессуары        | 
     Компания
    ",https://www.avito.ru/mahachkala/odezhda_obuv_aksessuary/tufli_918083459
Туфли,35 000  ₽,"Одежда, обувь, аксессуары        | 
     Компания
    ",https://www.avito.ru/mahachkala/odezhda_obuv_aksessuary/tufli_1414175122
Туфли,3 500  ₽,"Одежда, обувь, аксессуары        | 
     Компания
    ",https://www.avito.ru/mahachkala/odezhda_obuv_aksessuary/tufli_1702265987
Туфли,1 000  ₽,"Одежда, обувь, аксессуары        | 
     Компания
    ",https://www.avito.ru/mahachkala/detskaya_odezhda_i_obuv/tufli_1669241530
Туфли,500  ₽,"Одежда, обувь, аксессуары        | 
     Компания
    ",https://www.avito.ru/mahachkala/detskaya_odezhda_i_obuv/tufli_1694869285
Туфли,Цена не указана,"Одежда, обувь, аксессуары        | 
     Компания
    ",https://www.avito.ru/mahachkala/odezhda_obuv_aksessuary/tufli_1438547412
Туфли,Цена не указана,"Одежда, обувь, аксессуары        | 
     Компания
    ",https://www.avito.ru/mahachkala/odezhda_obuv_aksessuary/tufli_1299509834
Туфли,15 000  ₽,"Одежда, обувь, аксессуары        | 
     Компания
    ",https://www.avito.ru/mahachkala/detskaya_odezhda_i_obuv/tufli_1278054724
Туфли,3 000  ₽,"Одежда, обувь, аксессуары        | 
     Компания
    ",https://www.avito.ru/mahachkala/odezhda_obuv_aksessuary/tufli_1711840847
Туфли,700  ₽,"Одежда, обувь, аксессуары        | 
     Компания
    ",https://www.avito.ru/mahachkala/detskaya_odezhda_i_obuv/tufli_975804864
Туфли,7 500  ₽,"Одежда, обувь, аксессуары        | 
     Компания
    ",https://www.avito.ru/mahachkala/odezhda_obuv_aksessuary/tufli_1266560910
Туфли,2 000  ₽,"Одежда, обувь, аксессуары        | 
     Компания
    ",https://www.avito.ru/mahachkala/odezhda_obuv_aksessuary/tufli_1025915732
Туфли,2 000  ₽,"Одежда, обувь, аксессуары        | 
     Компания
    ",https://www.avito.ru/mahachkala/odezhda_obuv_aksessuary/tufli_1709280024
Туфли,1 500  ₽,"Одежда, обувь, аксессуары        | 
     Компания
    ",https://www.avito.ru/mahachkala/odezhda_obuv_aksessuary/tufli_1153514720
Туфли,2 000  ₽,"Одежда, обувь, аксессуары        | 
     Компания
    ",https://www.avito.ru/mahachkala/odezhda_obuv_aksessuary/tufli_1456569614
Туфли,1 300  ₽,"Одежда, обувь, аксессуары        | 
     Компания
    ",https://www.avito.ru/mahachkala/detskaya_odezhda_i_obuv/tufli_747762773
Туфли,5 000  ₽,"Одежда, обувь, аксессуары        | 
     Компания
    ",https://www.avito.ru/mahachkala/odezhda_obuv_aksessuary/tufli_1152646051
Туфли,2 000  ₽,"Одежда, обувь, аксессуары        | 
     Компания
    ",https://www.avito.ru/mahachkala/odezhda_obuv_aksessuary/tufli_1174175354
Туфли,4 000  ₽,"Одежда, обувь, аксессуары        | 
     Компания
    ",https://www.avito.ru/mahachkala/odezhda_obuv_aksessuary/tufli_1307111126
Туфли,1 500  ₽,"Одежда, обувь, аксессуары        | 
     Компания
    ",https://www.avito.ru/mahachkala/odezhda_obuv_aksessuary/tufli_1081927429
Туфли,6 000  ₽,р-н Кировский,https://www.avito.ru/mahachkala/odezhda_obuv_aksessuary/tufli_1376324015
Туфли,4 000  ₽,р-н Кировский,https://www.avito.ru/mahachkala/odezhda_obuv_aksessuary/tufli_1307111126
Туфли,1 500  ₽,р-н Кировский,https://www.avito.ru/mahachkala/odezhda_obuv_aksessuary/tufli_1081927429
Туфли,6 000  ₽,р-н Кировский,https://www.avito.ru/mahachkala/odezhda_obuv_aksessuary/tufli_732032740
Туфли,6 000  ₽,р-н Кировский,https://www.avito.ru/mahachkala/odezhda_obuv_aksessuary/tufli_1120956973
Туфли,2 000  ₽,р-н Кировский,https://www.avito.ru/mahachkala/odezhda_obuv_aksessuary/tufli_1478728847
Туфли,500  ₽,р-н Кировский,https://www.avito.ru/mahachkala/odezhda_obuv_aksessuary/tufli_1133044396
Туфли,2 000  ₽,р-н Кировский,https://www.avito.ru/mahachkala/odezhda_obuv_aksessuary/tufli_1161746444
Туфли,3 000  ₽,р-н Кировский,https://www.avito.ru/mahachkala/odezhda_obuv_aksessuary/tufli_1511960404
Туфли,1 000  ₽,р-н Кировский,https://www.avito.ru/mahachkala/odezhda_obuv_aksessuary/tufli_1017170312
Туфли,1 000  ₽,р-н Кировский,https://www.avito.ru/mahachkala/odezhda_obuv_aksessuary/tufli_1568588794
Туфли,6 000  ₽,р-н Кировский,https://www.avito.ru/mahachkala/odezhda_obuv_aksessuary/tufli_1521463646
Туфли,1 500  ₽,р-н Кировский,https://www.avito.ru/mahachkala/odezhda_obuv_aksessuary/tufli_1380783097
Туфли,1 350  ₽,р-н Кировский,https://www.avito.ru/mahachkala/odezhda_obuv_aksessuary/tufli_1390356008
Туфли,5 000  ₽,р-н Кировский,https://www.avito.ru/mahachkala/odezhda_obuv_aksessuary/tufli_1288944086
Туфли,9 000  ₽,р-н Кировский,https://www.avito.ru/mahachkala/odezhda_obuv_aksessuary/tufli_1613233153
Туфли,4 000  ₽,р-н Кировский,https://www.avito.ru/mahachkala/odezhda_obuv_aksessuary/tufli_1451050146
Туфли,800  ₽,р-н Кировский,https://www.avito.ru/mahachkala/detskaya_odezhda_i_obuv/tufli_1239656328
Туфли,3 000  ₽,р-н Кировский,https://www.avito.ru/mahachkala/odezhda_obuv_aksessuary/tufli_1206884605
Туфли,1  ₽,р-н Кировский,https://www.avito.ru/mahachkala/odezhda_obuv_aksessuary/tufli_1341327825
Туфли,2 500  ₽,р-н Кировский,https://www.avito.ru/mahachkala/odezhda_obuv_aksessuary/tufli_763649688
Туфли,3 000  ₽,р-н Кировский,https://www.avito.ru/mahachkala/odezhda_obuv_aksessuary/tufli_763649893
Туфли,Цена не указана,р-н Кировский,https://www.avito.ru/mahachkala/odezhda_obuv_aksessuary/tufli_1488553226
Туфли,1 000  ₽,р-н Кировский,https://www.avito.ru/mahachkala/odezhda_obuv_aksessuary/tufli_1206941255
Туфли,6 900  ₽,р-н Кировский,https://www.avito.ru/mahachkala/odezhda_obuv_aksessuary/tufli_979223770
Туфли,1 000  ₽,р-н Кировский,https://www.avito.ru/mahachkala/odezhda_obuv_aksessuary/tufli_761980441
Туфли,3 500  ₽,р-н Кировский,https://www.avito.ru/mahachkala/odezhda_obuv_aksessuary/tufli_1436296836
Туфли,1 000  ₽,р-н Кировский,https://www.avito.ru/mahachkala/odezhda_obuv_aksessuary/tufli_1178552521
Туфли,2 000  ₽,р-н Кировский,https://www.avito.ru/mahachkala/odezhda_obuv_aksessuary/tufli_1626086661
Туфли,1 500  ₽,р-н Кировский,https://www.avito.ru/mahachkala/odezhda_obuv_aksessuary/tufli_1276938330
Туфли,1 500  ₽,р-н Кировский,https://www.avito.ru/mahachkala/odezhda_obuv_aksessuary/tufli_1316830894
Туфли,1 500  ₽,р-н Кировский,https://www.avito.ru/mahachkala/odezhda_obuv_aksessuary/tufli_1715386460
Туфли,1 000  ₽,р-н Кировский,https://www.avito.ru/mahachkala/odezhda_obuv_aksessuary/tufli_1229580285
Туфли,1 000  ₽,р-н Кировский,https://www.avito.ru/mahachkala/odezhda_obuv_aksessuary/tufli_1208364220
Туфли,1 100  ₽,р-н Кировский,https://www.avito.ru/mahachkala/odezhda_obuv_aksessuary/tufli_1212924076
Туфли,1 000  ₽,р-н Кировский,https://www.avito.ru/mahachkala/odezhda_obuv_aksessuary/tufli_1500250308
Туфли,700  ₽,р-н Кировский,https://www.avito.ru/mahachkala/odezhda_obuv_aksessuary/tufli_1167277234
Туфли,1 500  ₽,р-н Кировский,https://www.avito.ru/mahachkala/odezhda_obuv_aksessuary/tufli_797000565
Туфли,1 500  ₽,р-н Кировский,https://www.avito.ru/mahachkala/odezhda_obuv_aksessuary/tufli_797000172
Туфли,1 500  ₽,р-н Кировский,https://www.avito.ru/mahachkala/odezhda_obuv_aksessuary/tufli_797000391
Туфли,2 500  ₽,р-н Кировский,https://www.avito.ru/mahachkala/odezhda_obuv_aksessuary/tufli_797000067
Туфли,2 500  ₽,р-н Кировский,https://www.avito.ru/mahachkala/odezhda_obuv_aksessuary/tufli_797000317
Туфли,2 000  ₽,р-н Кировский,https://www.avito.ru/mahachkala/odezhda_obuv_aksessuary/tufli_1164764774
Туфли,650  ₽,р-н Кировский,https://www.avito.ru/mahachkala/detskaya_odezhda_i_obuv/tufli_1437278940
Туфли,1 000  ₽,р-н Кировский,https://www.avito.ru/mahachkala/odezhda_obuv_aksessuary/tufli_1308667742
Туфли,1 000  ₽,р-н Кировский,https://www.avito.ru/mahachkala/odezhda_obuv_aksessuary/tufli_1175944507
Туфли,2 000  ₽,р-н Кировский,https://www.avito.ru/mahachkala/odezhda_obuv_aksessuary/tufli_960293525
Туфли,1 000  ₽,р-н Кировский,https://www.avito.ru/mahachkala/odezhda_obuv_aksessuary/tufli_995000750
Туфли,500  ₽,р-н Кировский,https://www.avito.ru/mahachkala/odezhda_obuv_aksessuary/tufli_1692914787
Туфли,1 000  ₽,р-н Кировский,https://www.avito.ru/mahachkala/odezhda_obuv_aksessuary/tufli_965257559
